protid,binding_site,seq_length
Q9H4B4,68,646
Q9H4B4,69,646
Q9H4B4,70,646
Q9H4B4,71,646
Q9H4B4,72,646
Q9H4B4,73,646
Q9H4B4,74,646
Q9H4B4,75,646
Q9H4B4,76,646
Q9H4B4,91,646
P31749,156,480
P31749,157,480
P31749,158,480
P31749,159,480
P31749,160,480
P31749,161,480
P31749,162,480
P31749,163,480
P31749,164,480
P31749,165,480
P31749,179,480
O60674,855,1132
O60674,856,1132
O60674,857,1132
O60674,858,1132
O60674,859,1132
O60674,860,1132
O60674,861,1132
O60674,862,1132
O60674,863,1132
O60674,882,1132
Q16644,50,382
Q16644,51,382
Q16644,52,382
Q16644,53,382
Q16644,54,382
Q16644,55,382
Q16644,56,382
Q16644,57,382
Q16644,58,382
Q16644,73,382
Q96BR1,168,496
Q96BR1,169,496
Q96BR1,170,496
Q96BR1,171,496
Q96BR1,172,496
Q96BR1,173,496
Q96BR1,174,496
Q96BR1,175,496
Q96BR1,176,496
Q96BR1,191,496
O00141,104,431
O00141,105,431
O00141,106,431
O00141,107,431
O00141,108,431
O00141,109,431
O00141,110,431
O00141,111,431
O00141,112,431
O00141,127,431
P49760,169,499
P49760,170,499
P49760,171,499
P49760,172,499
P49760,173,499
P49760,174,499
P49760,193,499
P24941,10,298
P24941,11,298
P24941,12,298
P24941,13,298
P24941,14,298
P24941,15,298
P24941,16,298
P24941,17,298
P24941,18,298
P24941,33,298
P24941,81,298
P24941,82,298
P24941,83,298
P24941,86,298
P24941,129,298
P24941,130,298
P24941,131,298
P24941,132,298
P07949,730,1114
P07949,731,1114
P07949,732,1114
P07949,733,1114
P07949,734,1114
P07949,735,1114
P07949,736,1114
P07949,737,1114
P07949,738,1114
P07949,758,1114
Q5S007,1885,2527
Q5S007,1886,2527
Q5S007,1887,2527
Q5S007,1888,2527
Q5S007,1889,2527
Q5S007,1890,2527
Q5S007,1891,2527
Q5S007,1892,2527
Q5S007,1893,2527
Q5S007,1906,2527
Q9UL54,34,1235
Q9UL54,35,1235
Q9UL54,36,1235
Q9UL54,37,1235
Q9UL54,38,1235
Q9UL54,39,1235
Q9UL54,40,1235
Q9UL54,41,1235
Q9UL54,42,1235
Q9UL54,57,1235
P51955,14,445
P51955,15,445
P51955,16,445
P51955,17,445
P51955,18,445
P51955,19,445
P51955,20,445
P51955,21,445
P51955,22,445
P51955,37,445
P53350,59,603
P53350,60,603
P53350,61,603
P53350,62,603
P53350,63,603
P53350,64,603
P53350,65,603
P53350,66,603
P53350,67,603
P53350,82,603
P53350,131,603
P53350,178,603
P53350,179,603
P53350,180,603
P53350,181,603
P53350,194,603
P11362,484,822
P11362,485,822
P11362,486,822
P11362,487,822
P11362,488,822
P11362,489,822
P11362,490,822
P11362,514,822
P11362,562,822
P11362,563,822
P11362,564,822
P11362,568,822
P11362,627,822
P11362,641,822
O00444,18,970
O00444,19,970
O00444,20,970
O00444,21,970
O00444,22,970
O00444,23,970
O00444,24,970
O00444,25,970
O00444,26,970
O00444,41,970
Q9BXM7,162,581
Q9BXM7,163,581
Q9BXM7,164,581
Q9BXM7,165,581
Q9BXM7,166,581
Q9BXM7,167,581
Q9BXM7,168,581
Q9BXM7,169,581
Q9BXM7,170,581
Q9BXM7,186,581
P08581,1084,1390
P08581,1085,1390
P08581,1086,1390
P08581,1087,1390
P08581,1088,1390
P08581,1089,1390
P08581,1090,1390
P08581,1091,1390
P08581,1092,1390
P08581,1110,1390
P08631,268,526
P08631,269,526
P08631,270,526
P08631,271,526
P08631,272,526
P08631,273,526
P08631,274,526
P08631,275,526
P08631,276,526
P08631,290,526
Q7L7X3,34,1001
Q7L7X3,35,1001
Q7L7X3,36,1001
Q7L7X3,37,1001
Q7L7X3,38,1001
Q7L7X3,39,1001
Q7L7X3,40,1001
Q7L7X3,41,1001
Q7L7X3,42,1001
Q7L7X3,57,1001