Index	AA	Prob
    0	M	0.001
    1	E	0.000
    2	N	0.000
    3	F	0.000
    4	Q	0.000
    5	K	0.000
    6	V	0.000
    7	E	0.005
    8	K	0.001
    9	I	0.989
   10	G	0.382
   11	E	0.752
   12	G	0.986
   13	T	0.636
   14	Y	0.498
   15	G	0.375
   16	V	0.003
   17	V	0.971
   18	Y	0.000
   19	K	0.000
   20	A	0.000
   21	R	0.000
   22	N	0.000
   23	K	0.000
   24	L	0.001
   25	T	0.000
   26	G	0.000
   27	E	0.000
   28	V	0.001
   29	V	0.009
   30	A	0.998
   31	L	0.000
   32	K	0.861
   33	K	0.001
   34	I	0.000
   35	R	0.052
   36	L	0.000
   37	D	0.001
   38	T	0.000
   39	E	0.000
   40	T	0.000
   41	E	0.000
   42	G	0.000
   43	V	0.000
   44	P	0.000
   45	S	0.000
   46	T	0.000
   47	A	0.000
   48	I	0.000
   49	R	0.000
   50	E	0.542
   51	I	0.000
   52	S	0.001
   53	L	0.000
   54	L	0.000
   55	K	0.001
   56	E	0.000
   57	L	0.000
   58	N	0.000
   59	H	0.000
   60	P	0.000
   61	N	0.000
   62	I	0.000
   63	V	0.954
   64	K	0.000
   65	L	0.003
   66	L	0.002
   67	D	0.004
   68	V	0.000
   69	I	0.001
   70	H	0.000
   71	T	0.000
   72	E	0.000
   73	N	0.000
   74	K	0.001
   75	L	0.001
   76	Y	0.000
   77	L	0.001
   78	V	0.015
   79	F	0.996
   80	E	0.997
   81	F	0.959
   82	L	0.975
   83	H	0.001
   84	Q	0.000
   85	D	0.853
   86	L	0.000
   87	K	0.000
   88	K	0.193
   89	F	0.005
   90	M	0.001
   91	D	0.002
   92	A	0.000
   93	S	0.001
   94	A	0.001
   95	L	0.000
   96	T	0.001
   97	G	0.001
   98	I	0.001
   99	P	0.000
  100	L	0.000
  101	P	0.000
  102	L	0.000
  103	I	0.000
  104	K	0.000
  105	S	0.004
  106	Y	0.000
  107	L	0.000
  108	F	0.002
  109	Q	0.000
  110	L	0.000
  111	L	0.001
  112	Q	0.001
  113	G	0.000
  114	L	0.000
  115	A	0.000
  116	F	0.003
  117	C	0.000
  118	H	0.000
  119	S	0.000
  120	H	0.001
  121	R	0.002
  122	V	0.001
  123	L	0.001
  124	H	0.009
  125	R	0.000
  126	D	0.789
  127	L	0.000
  128	K	0.788
  129	P	0.001
  130	Q	0.939
  131	N	0.972
  132	L	0.001
  133	L	0.990
  134	I	0.003
  135	N	0.001
  136	T	0.000
  137	E	0.002
  138	G	0.002
  139	A	0.000
  140	I	0.000
  141	K	0.001
  142	L	0.000
  143	A	0.002
  144	D	0.979
  145	F	0.000
  146	G	0.100
  147	L	0.001
  148	A	0.000
  149	R	0.000
  150	A	0.000
  151	F	0.000
  152	G	0.000
  153	V	0.000
  154	P	0.000
  155	V	0.000
  156	R	0.001
  157	T	0.000
  158	Y	0.002
  159	T	0.003
  160	H	0.000
  161	E	0.002
  162	V	0.000
  163	V	0.000
  164	T	0.000
  165	L	0.000
  166	W	0.000
  167	Y	0.000
  168	R	0.000
  169	A	0.000
  170	P	0.000
  171	E	0.000
  172	I	0.000
  173	L	0.000
  174	L	0.000
  175	G	0.000
  176	C	0.000
  177	K	0.000
  178	Y	0.000
  179	Y	0.002
  180	S	0.001
  181	T	0.000
  182	A	0.000
  183	V	0.000
  184	D	0.000
  185	I	0.000
  186	W	0.000
  187	S	0.000
  188	L	0.000
  189	G	0.000
  190	C	0.000
  191	I	0.001
  192	F	0.000
  193	A	0.000
  194	E	0.000
  195	M	0.000
  196	V	0.000
  197	T	0.000
  198	R	0.001
  199	R	0.001
  200	A	0.000
  201	L	0.000
  202	F	0.000
  203	P	0.000
  204	G	0.000
  205	D	0.008
  206	S	0.002
  207	E	0.001
  208	I	0.000
  209	D	0.001
  210	Q	0.000
  211	L	0.000
  212	F	0.001
  213	R	0.001
  214	I	0.000
  215	F	0.000
  216	R	0.000
  217	T	0.000
  218	L	0.002
  219	G	0.000
  220	T	0.000
  221	P	0.000
  222	D	0.000
  223	E	0.001
  224	V	0.000
  225	V	0.000
  226	W	0.004
  227	P	0.000
  228	G	0.000
  229	V	0.000
  230	T	0.000
  231	S	0.000
  232	M	0.006
  233	P	0.000
  234	D	0.000
  235	Y	0.000
  236	K	0.001
  237	P	0.000
  238	S	0.000
  239	F	0.000
  240	P	0.000
  241	K	0.000
  242	W	0.000
  243	A	0.000
  244	R	0.000
  245	Q	0.000
  246	D	0.000
  247	F	0.000
  248	S	0.000
  249	K	0.003
  250	V	0.000
  251	V	0.000
  252	P	0.000
  253	P	0.000
  254	L	0.000
  255	D	0.002
  256	E	0.000
  257	D	0.001
  258	G	0.000
  259	R	0.005
  260	S	0.000
  261	L	0.001
  262	L	0.000
  263	S	0.003
  264	Q	0.001
  265	M	0.000
  266	L	0.000
  267	H	0.001
  268	Y	0.000
  269	D	0.000
  270	P	0.000
  271	N	0.001
  272	K	0.000
  273	R	0.000
  274	I	0.000
  275	S	0.000
  276	A	0.000
  277	K	0.001
  278	A	0.000
  279	A	0.001
  280	L	0.000
  281	A	0.002
  282	H	0.001
  283	P	0.000
  284	F	0.000
  285	F	0.000
  286	Q	0.000
  287	D	0.001
  288	V	0.000
  289	T	0.000
  290	K	0.000
  291	P	0.000
  292	V	0.000
  293	P	0.000
  294	H	0.000
  295	L	0.000
  296	R	0.001
  297	L	0.011
